"sample","Astrocyte","Oligodendrocyte","Mphage/Microglia","Neuron","Endothelial","Ependymal","OPC","Radial Glia","Plasma B cell","Eosino-/Neutrophils","T Cells/NK Cells"
"P260v1",-0.0326160416783518,-0.0241649899567596,-0.0385205535409059,0.04856678293684,-0.0123954082226321,-0.00804304623576574,0.0116285341072788,0.0413384576268858,-0.064528912416327,-0.0315430871886131,-0.0197657602396139
"P260v2",-0.0546712889753347,-0.0208771738245555,-0.0518420521477413,0.0332511502912954,-0.0498349645111457,-0.00900205755528652,0.0992727640876152,0.0662642654445983,-0.0692273734426748,-0.0273339561168737,-0.0303492252398704
"P260v3",-0.0568520891499927,-0.0250600402756549,-0.0505818238418063,0.0443143507658483,-0.0407049443711483,-0.00863116585476443,0.0624900150913371,0.0612436428204742,-0.070992539336365,-0.0312237606087963,-0.0191016893968223
"P260v4",-0.0392488887074814,-0.0176979722982782,-0.0429876651663426,0.0576991731728298,-0.0208888128286269,-0.00828998279212911,0.0165478432376819,0.0467124274466623,-0.060260662596105,-0.0304645599574694,-0.0226102406024291
"P260v5",-0.0381072727810511,-0.021111716721724,-0.0377913679571885,0.0432437485899042,0.00540449403751772,-0.00822191338074232,0.00596980437172075,0.0399722413632615,-0.0583211735113981,-0.0297304420830636,-0.0155538826948636
"P260v6",-0.0588779605943382,-0.0162283210852349,-0.0445581589413845,0.0359015366824835,-0.0440968323517782,-0.00882300884792708,0.0657978523609159,0.0592497950493264,-0.0726871208568466,-0.0206184287890783,-0.0205962072472181
"P260v7",-0.0559162432590697,-0.0165954881777702,-0.0477609547319048,0.0304136789745796,-0.0332695134262472,-0.00977906068340126,0.114336403572327,0.0620134873909064,-0.0730174564966589,-0.0190822196357677,-0.0282162197505877
"P260v8",-0.0595599005639577,-0.0252446993931784,-0.0274142698558781,0.0132358427849806,-0.049677035469918,-0.00950083411140319,0.0765091166786717,0.071822365611357,-0.0622790627300647,-0.0112939222827986,-0.0182629521456943
"P260v9",-0.0579714798878123,-0.0274176071387333,-0.0466057889516678,0.0212002125694762,-0.0554494832456813,-0.0086196010889649,0.10578502581131,0.0786188979577445,-0.0664171390328799,-0.0219977041910863,-0.0165930211536325
"P260v10",-0.0579666334074389,-0.0249783122562398,-0.0355503769183157,0.0111546963833231,-0.0534161913203672,-0.00717980963944449,0.101730774668481,0.0737584314853693,-0.0600381578133649,-0.011249553585854,-0.011958635616882
"P260v11",0.0274942615286473,0.0123814831360923,-0.0343405200549179,0.141394112400872,0.115288850715555,-0.00770568192152968,-0.0290774226351648,0.0405876021484319,-0.0380938454998973,-0.0373597806646249,-0.0273683407503664
"P260v12",-0.078344910446312,-0.0394613235122811,-0.0537180598467512,0.0443814202388615,-0.0683734884279608,-0.008956023668388,0.127669552683861,0.0974321762419799,-0.0773115484975485,-0.0177809088530318,-0.0126467203796097
"P260v13",-0.0714494340487546,-0.0407084475787965,-0.0604012114339607,0.060046190438986,-0.0569375399036778,-0.00665448132229272,0.128745383203279,0.0923007214737551,-0.0774349344337635,-0.0215276486435925,-0.00573233794590755
"P260v14",-0.0681744593280123,-0.0408229410259136,-0.069484332817079,0.0639827253950987,-0.084808261479029,-0.00827578192972802,0.115274818657071,0.0923897624711192,-0.0835801933677952,-0.0307420425352866,0.00781027970355165
"P260v15",-0.00224197150978816,0.00845590857816848,-0.0342801864958631,0.0662276552365355,0.0627069488325461,-0.00865698770738607,0.000974319652969229,0.0246431985661019,-0.0540691162536136,-0.031562837201553,-0.0242101923710946
"P260v17",0.0211884333872845,0.0314988144152458,-0.0365148504857876,0.0980648973848032,0.0177193515366434,-0.00345731269265974,-0.0420396507869294,0.0210803157428748,-0.0490056971647889,-0.0383781106473782,-0.0262811221405838
"P260v18",-0.0772101651367608,-0.0419011276673147,-0.0716084770864272,0.0799362565744495,-0.0752954922636941,-0.00978783628089308,0.120637526615876,0.0964663404516844,-0.088224067868488,-0.0335037940742401,-0.0044231180025487
"P260v19",-0.0736480589912687,-0.0135220991576799,-0.0554316902830458,0.0240240850354535,-0.0312577285313115,-0.00862942908754458,0.0884780078916935,0.100559593402493,-0.0858247800324959,-0.0170075867632338,-0.0158818515361099
"P260v20",-0.0493297257376116,0.0441967873925391,-0.0392194721296654,-0.00477730327765695,-0.00599090579767718,-0.00868404414775373,0.0272070762654616,0.0125628179821831,-0.0646837701754296,-0.0139487220346933,-0.0275664661524459
"P300v1",0.0740255157581586,-0.0246352893030378,-0.00414380228487288,-0.0112014925616381,-0.0140101192406097,-0.00284099866254173,-0.016771667170165,-0.0138316635990961,0.0170387586848704,-0.0326891343437289,-0.0187512804818239
"P300v4",0.0232654734858918,-0.00372518542772339,-0.0407704625792938,0.0636458510796998,-0.0300326186214583,-0.00254009597477264,-0.0221112189628507,0.0166618335166988,-0.0439648077269709,-0.0488212280399483,-0.0249505267476168
"P300v5",0.119512119056869,-0.0341512014885926,-0.0274548338368068,-0.00410846332174062,-0.0435290098175972,-0.00653194848822391,0.0395570115983251,0.000720291253527551,0.0560321106832048,-0.0377722373632225,-0.0306937425355263
"P300v6",0.0540805131931848,-0.0193608043233673,-0.0436654358466515,0.0350479783305933,0.00917710594699353,-0.00787838278592059,-0.00839046962602665,0.00517346786816165,-0.0383429284937114,-0.0496340703093691,-0.0278700960026483
"P300v7",0.0673614162605982,-0.0343054817368368,-0.021090980167081,-0.0138370963339056,-0.0323325202621474,-0.00487912303960973,-0.0131614508360702,-0.00263809078079455,0.053069751716117,-0.0441309951728512,-0.00615841016021738
"P300v8",0.0942245466643402,-0.0229139785803664,-0.0155155602055528,-0.0396354749105924,-0.00188746114718419,-0.00631481877292895,0.000358163698620031,-0.0152878749468978,0.0698071056091454,-0.0299538306597058,-0.0277888924179488
"P300v10",0.0900098582125622,-0.0179562987333614,-0.0283274492716538,-0.00443924695587895,-0.0515161679621301,-0.0020367664964191,0.0930621849200531,0.004161142004985,0.00677267721882143,-0.0307739679044894,-0.0290483326219066
"P302v1",0.0396929769737536,0.0220122127477591,-0.0406577786381294,0.0162583003721889,0.0707407264336657,-0.00820497185187429,0.00931692547867195,-0.0080714487428334,-0.0649713220782342,-0.0352617109700684,-0.0248653602449505
"P302v2",0.0579891674370114,-0.0348695349911005,-0.0583310438804223,0.0303280008416455,0.0374806271397402,-0.00889182875569883,0.125168327948302,0.0221366695737965,-0.0673002237130122,-0.0529381683643717,-0.0190594245723086
"P302v3",0.0572189156211374,0.0453544711897918,-0.0329647417951323,-0.00394490526193825,0.0275198680661579,-0.007366972085095,0.0149313976767792,-0.0140467658459444,-0.04211697444301,-0.0205492929853891,-0.0212221284644361
"P302v4",0.114455994714327,-0.0108010107666568,-0.0390895231968746,-0.00187680934611927,0.0537748459284448,-0.00939628508408443,0.0300315604935355,-0.000760577798800052,-0.04221102842426,-0.0410974341605919,-0.0258929792937393
"P302v5",0.00397099005030059,-0.0278669880183382,-0.0598761953046261,0.0404026957552459,0.145194434566778,-0.0091133614634889,0.0749801155194113,0.0241981981976574,-0.0840221484547502,-0.043715048050841,-0.00235696964553935
"P302v6",0.0727388491801678,-0.0322621190101869,-0.0421489628734965,0.0155356755148269,0.112309901019153,-0.00861042678848427,0.0855349803745568,0.0112619826440257,-0.0600666774792098,-0.0389390203527559,-0.0119296526518627
"P302v7",0.0317329913641868,-0.00695238743616395,0.19547671502957,-0.0414235249099614,0.115489741294877,-0.00613195711888272,-0.0393700147644934,-0.0348133492887718,0.0142561330431797,0.125841473148127,0.275069441490752
"P302v9",0.0951956321095425,-0.0311258958872158,-0.0514778411061855,0.0134313587414166,0.118902019732273,-0.00974407761530675,0.0995161259969032,0.0139222189136843,-0.0715557903080014,-0.0463391026606233,-0.0237356332171431
"P302v10",0.0622435140868519,-0.00856590704810909,-0.0115225463784494,-0.0113066391769792,0.225813978352683,-0.0053543806356622,0.0457323129209158,-0.0110456924427235,-0.0500118897372855,-0.0269604426157519,0.00777315155607715
"P302v11",0.0759730946018023,-0.0335559333413193,-0.0471288910939479,0.012799312549523,0.0542914972496104,-0.0100211700490328,0.0889685423480397,0.0111351295224666,-0.0716897314301714,-0.0405522786224773,-0.0185739738576955
"P303v1",0.0578353342915827,-0.0361848636692474,-0.0407777979425955,0.0162151328843153,-0.0390157139181069,-0.00557138570968802,0.13929846379608,0.0139486486434679,-0.00879327921697081,-0.0452426242454481,0.0211702166400866
"P303v2",0.0557866813872539,-0.0344201364092523,-0.0301072212046424,0.0231014154260042,-0.00366082062807836,-0.00715099133806033,0.0667859974605761,-0.00360461247979635,-0.0038049327607629,-0.0445593233855395,0.0367708215706717
"P303v3",0.0662033357185383,-0.0275572711822205,-0.0424600738057671,0.0176547908832375,-0.0293339136638984,-0.00995503964927931,0.033403945216051,-0.0068665823958095,-0.00994912639482295,-0.0495637317050379,0.0120002105922974
"P303v4",0.0557233900348091,-0.0187632563705836,0.0186800611328027,-0.00136630221031984,-0.00294118395878332,-0.00762082148791092,0.00776025476799118,-0.0179773970025343,0.083549195220394,-0.0259907243370043,0.0180413854087126
"P303v6",0.0794864583752654,-0.0294359334359581,0.000533194632023806,-0.000203642138221194,-0.0349854442606623,-0.00469266479304195,0.0455924338909574,-0.0105323630478274,0.0727133473415237,-0.0255557046847332,0.000254829757231749
"P303v8",0.0737253428993014,-0.0295991599447815,-0.0157849885509007,0.0018583453852222,-0.0527361535545321,-0.00776374936594444,0.0279141848599502,-0.0108315470710609,0.0509107036771365,-0.0357754424022001,0.00266961430456635
"P303v9",0.0416705482832127,-0.0123116380476003,0.00938209779960761,-0.00696242611748442,-0.0217637991519352,-0.00848961318837214,0.00784835494920926,-0.0176342862512079,0.0856484713383319,-0.0270758429216966,0.0268095060995815
"P303v10",0.0453237153611616,-0.0180862869456782,-0.0149040463566456,-0.0221024561754912,0.0262121535793424,-0.00770431500685142,-0.0333112389620907,-0.0231517666327444,0.0441391350829869,-0.0404452826065825,0.0544710860117071
"P327v1",0.0649581929095607,-0.0337850253514533,-0.0396058142357761,-0.0100360466355728,-0.0369641048179997,-0.00929948931566461,0.0263630067415935,-0.00526871968830135,0.0847240597553129,-0.0489827602622017,-0.0197171641754697
"P327v2",0.075466203584184,-0.0335364752118477,-0.0386997924794651,-0.0122570782363408,-0.0485902045925195,-0.0100759819500686,0.035337529716497,-0.00440895281686385,0.101463596152794,-0.0538489118655575,-0.0170288426057322
"P327v3",0.0910465520387736,-0.031715642115071,-0.047589383562647,-0.00125999995069529,-0.0486019972133646,-0.00789108672671513,0.0397117113894024,-0.00283050256453125,0.0492355194475351,-0.0484614096501771,-0.0135816172302338
"P327v4",0.0434269159298168,-0.03261970882369,-0.0532671720168957,-0.00428586418812163,-0.0492528043031933,-0.00286552560080221,0.0403763303200342,-0.002849913582391,0.0120409029436342,-0.0540861783582672,-0.0051061723012973
"P327v5",0.075819007418509,-0.0279138205214199,-0.0305560650823789,-0.00993997352519847,-0.043039074954999,-0.0053369200372307,0.0736799961506845,-0.00492190813096285,0.0433620756108392,-0.0376770363855089,-0.00874702523156727
"P327v6",0.139707215605064,-0.0269131214858011,-0.0311454814709526,-0.0170678276521214,-0.0256645745359029,-0.00728239573634714,0.0217284301322666,-0.0123756596645457,0.111001303746852,-0.0449634682256978,-0.0281118967949986
"P327v7",0.123077134660585,-0.0264559523861456,-0.0160122110054669,-0.036590147303184,-0.0329843868672897,-0.00688134851297523,0.014985904493193,-0.0159403437439991,0.124803969693639,-0.0353903797085378,-0.017069602009293
"P327v8",0.116137807295745,0.0223041961810145,0.0262852451949379,-0.0449878718529711,0.00138259970447919,-0.00503550295155357,-0.014151581699854,-0.0352422265819644,0.137482244654077,-0.0104763118636872,-0.0202734682020934
"P327v9",0.065183584706793,-0.00611161918795564,0.0397741354513734,-0.0285682447002676,0.0152217893144305,-0.00916908864518979,-0.0184731240361624,-0.0292494468862293,0.145556388255749,-0.0218681972260019,0.00137419381201766
"P327v10",0.077696761080995,0.0172210952441688,-0.00127332982834285,-0.0117851614072641,-0.0505329002831081,-0.0080279436790753,0.0282997190243569,-0.0196978410377476,0.0840246767223697,-0.0289741479359517,-0.0178465644869394
"P340v1",0.190770787669317,0.0373285380048873,-0.0090470780663743,-0.054749939411333,0.0191393304409887,-0.0100759819500686,-0.0542596780142932,-0.0365358121037028,0.0114867910430868,-0.0158067822031051,-0.010391220628336
"P340v2",0.0381041804195575,0.000217223082717879,-0.0564770660536664,0.189686685455055,-0.00985105056947803,-0.00797978958988059,-0.0421778997788761,0.068613554079105,-0.0629741170427257,-0.0505452058960573,-0.0348542537513515
"P340v3",0.015074238769317,0.115220993411441,-0.00958298913468706,-0.0173758668037059,0.0641141821859346,-0.00898287028781797,-0.0176732605619155,-0.0233378312373464,0.0198106861062992,-0.0175163417348395,-0.00478641048732061
"P340v4",0.190411378505259,0.0458581737639114,-0.0058237872769693,-0.060599599135406,0.0178039012761998,-0.00759781777116057,-0.0443122497042438,-0.032498600505785,0.0442147911478184,-0.0106242471475104,-0.0220361145454474
"P340v5",0.107493820212021,0.076376748528114,-0.00160025637967464,-0.043842926331861,0.139587150164348,-0.0063272002112266,-0.0735581798919975,-0.0383507021946527,0.0214515425022787,-0.0176448354741913,-0.00902659412165008
"P340v6",0.0900521162692816,0.046520509616665,-0.0244380490597814,-0.0273925458128095,0.0597652279103039,-0.000421621338517255,-0.06878435885802,-0.0318100121785972,-0.00279031448843813,-0.0279954592634894,-0.0107368273592996
"P340v7",0.157198855574065,0.0588796386107124,-0.0182082763482201,-0.0548731537498255,0.0397752869541918,-0.00265663353841366,-0.047332337701109,-0.0333716203062138,0.0123299887454759,-0.0180148088485323,-0.0188365591627934
"P340v8",-0.00833739385118922,0.0844144601585476,-0.0249116032807301,0.00486243089567594,0.113022892766065,-0.00925191081050461,-0.0306687788515525,-0.0129316786638577,-0.0269912588920577,-0.0228759316288874,0.0139022553572496
"P340v9",0.0195205095695248,-0.0271111277157323,-0.0562829076553243,0.0348649602564916,0.039448917207004,-0.00661312742787939,-0.0270715019394544,-0.0027389660695472,-0.0720144421353626,-0.0427858452931997,0.0063340960079026
"P340v10",0.0777281025417619,-0.0106853954913185,-0.0471655005802701,0.0390323719123465,0.0208103684858641,-0.00564843142311173,-0.00811991512824859,0.0015151864632572,-0.0623522293624171,-0.0461657917414057,-0.0170504624616625
"P375v1",0.0686015750906105,-0.0326658564007728,-0.00511014678541847,0.0167875968748764,0.109864333912881,-0.0076998331366012,0.0198205682725997,-0.00017212927814925,0.129843553531477,-0.0312218828577953,0.0116903952791567
"P375v2",0.0635249350431045,-0.0392844782901188,-0.0475155900491355,0.0218193355805538,0.051124252071953,-0.00796765070240748,0.123957238075954,0.00601403616372245,0.0544986342932521,-0.0475795345385883,-0.0119049703422136
"P375v3",0.043846535253859,0.0350023789908444,0.0108721916440566,-0.0287925878038111,0.0345393926248396,-0.00450020123227068,-0.0259850673671556,-0.0315551596236865,0.0518220646736404,-0.0137606349277741,-0.00433400633704872
"P375v4",0.0525455301993588,-0.0391679805854333,-0.0443693388014642,0.0255627511558738,0.0597825007390878,-0.00407177558885057,0.0907315552944227,0.003430284852689,0.0762369359790035,-0.0478715398140754,-0.0030836580421418
"P375v5",0.124824192496735,-0.0382328322039511,-0.0552650771887372,0.0107750899959988,-0.00853376212591102,-0.00302113497545116,0.0591917415530569,-0.00297556471621005,0.0818574117506409,-0.0508937218524145,-0.0141403719341813
"P375v6",0.102227643457349,-0.0385136636283566,-0.0455836544871843,0.00916532897134316,0.0110533586795544,-0.00519210575999433,0.0873667057249275,-0.00160166647757475,0.0974719174469412,-0.0460385114930024,-0.0176530430826101
"P375v7",0.0592643696838335,-0.0388989277913339,-0.041208640455422,0.0147737793078619,0.101274330232624,-0.0033959202251964,0.0824756962978486,0.00325179314803735,0.0402289696365324,-0.0439908847280638,-0.0177453910267875
"P375v8",0.0201940479907556,0.0498732651948302,0.0331594655208198,-0.0226368788856986,0.0281727992209608,-0.00775757983405772,-0.0198001514926179,-0.0344086727460238,0.0740990753810711,0.000932240522249727,-0.0160094719864488
"P375v9",0.056215050975496,-0.0382887996126539,-0.0540619683178726,0.0258643279221839,0.048057379921666,-0.00653991266747608,0.0648124697423252,0.00313734330326445,0.0654061454584733,-0.0504972050249066,-0.0039644979981875
"P375v10",0.114934193952154,-0.038389860359438,-0.0535443963387997,0.00116189034748864,-0.0115238841061015,-0.00898366038111547,0.0509932233568341,-0.00601462445433385,0.114666229254021,-0.0504594853791724,-0.0183664323711018
"P413v1",-0.0517088578189707,-0.0447949975757887,-0.0310643722645597,-0.0627970638091883,-0.0683150428223081,-0.00779176421483538,-0.0571579546587685,0.0268668918096739,-0.0451227424085219,-0.00640971210976577,-0.0100608746721417
"P413v2",-0.0477210069361028,-0.0416064206337886,0.0183217275748865,-0.0656004026078587,0.144394786849416,-0.00649665765090259,-0.0727076143602871,-0.0122567574868031,-0.0359451989345415,-0.0126638689099886,0.0180070929889156
"P413v3",-0.0488548818448061,-0.0454429814709931,0.0422139209777069,-0.0679271524981568,-0.0690733751610624,-0.00766459728185888,-0.0492264127925476,-0.0110828543783877,-0.0126883910528494,0.0591337425064251,-0.0020337378194491
"P413v4",-0.0659824085486466,-0.0448742067830844,0.0642711216278508,-0.0673430875585005,-0.0382265476762599,-0.0062871154545,-0.0605679371225058,-0.0158697777102806,0.00676219982170101,0.0627736814539549,0.00399465214371945
"P413v5",-0.0610865142102946,-0.0108857386903643,0.122548590632351,-0.0623911020209322,0.0469440650004785,-0.0084823018607814,-0.0633642488570339,-0.0157067330817433,0.00987472610622771,0.0303378286317324,0.0138472873813019
"P413v6",-0.0643146622051149,-0.0231386069481362,0.131332546922212,-0.0715804281192262,0.00196900409679066,-0.00209125673533707,-0.0798935263620086,-0.0307111777254006,0.0481710517781206,0.0418537636057819,0.0414985357834646
"P413v7",-0.0624613154778836,-0.0356143879209238,0.0848024882901163,-0.0718836044292054,-0.0597448270570613,-0.00571316504109166,-0.0626365481770756,-0.0260294586047038,0.0237274963894385,0.0438953137893475,0.016061768571272
"P413v8",-0.0646430569390663,-0.0421033233949474,0.0817258509282832,-0.0706765117480817,0.0131641439700947,-0.00382681009988885,-0.0553423728325146,-0.0164242205152663,-0.00253120244513221,0.0416250700803986,0.000262877357600749
"P413v9",-0.0493166070735971,-0.0272420246170867,0.159911641135548,-0.0718744643700093,0.0237402786086992,-0.00406963223057364,-0.0850556827116464,-0.036729504692687,0.0650358063399265,0.0587039056720542,0.0620768409938851
"P413v10",-0.0496547019055516,-0.0286695332017389,0.0491641044334461,-0.0704451058468635,-0.0327904361633097,-0.00927062236411628,-0.0738080106499211,-0.0288057419047042,-0.0016667877078545,0.0221362982571532,0.0109950288062929
"P450v1",-0.0407794315515354,-0.00473977711430554,-0.0496767546859131,0.0819862565860496,-0.0250984641267361,-0.00788844860501123,0.117032714317206,0.0291122786827089,-0.0610024997897655,-0.0432977506483288,-0.0221339885959188
"P450v2",-0.0482265836727691,-0.0323993011520273,-0.0680678044279466,0.118045443791856,-0.0109560232599794,-0.00770366619736408,0.111206060444784,0.0453695085295264,-0.0545530554472169,-0.0543329092057306,0.037478071184409
"P450v3",-0.0590426703206686,-0.0320517873046756,-0.0669911224846779,0.122130905535508,-0.00541152538007525,-0.00835617137252391,0.116155866086856,0.0423784751917962,-0.0637865988569161,-0.0614248134548339,0.036892413539889
"P450v4",-0.0128746595697567,-0.0218151625669214,-0.0591715779363746,0.0998112194942236,-0.0257656900629086,-0.0082001902439835,0.057613569382431,0.0286478012356997,-0.0746006665682533,-0.0536100925960195,-0.0143672779517946
"P450v5",-0.0109667078008501,-0.0218088234523895,-0.0458444809865355,0.0721771161707971,0.0216950296368296,-0.00850031263973047,0.0502620616861843,0.0121103689655626,-0.0570150387635199,-0.0506239007056131,-0.015587594690637
"P450v6",-0.00170857094511047,-0.014543983764496,-0.0450317952756983,0.0468987304593394,-0.0110728015593465,-0.00913163524397969,0.0541095624560125,0.0064541015610714,-0.0498551791261468,-0.0427594461298063,-0.0131892916711168
"P450v7",-0.0311771139402674,-0.0268236818308038,-0.059719068299145,0.100319157593785,-0.0338343747843071,-0.00685364288549886,0.122243584423071,0.0355780394081147,-0.0749488422164262,-0.052484861529857,-0.0137449336340022
"P450v8",-0.0597049685371864,-0.0316078744325124,-0.0606041834832679,0.117493367641212,-0.0419308953096621,-0.00895659134471256,0.178025072289977,0.0527154201974557,-0.0717430262147688,-0.0541214174344747,0.0170626484472276
"P450v9",-0.00597929969680203,-0.0106502701883224,-0.0492645258158801,0.0617520405525909,0.0185778498672664,-0.00827920535552463,0.0384829667518621,0.0119198691837397,-0.0680079318476951,-0.0477269062690966,-0.0189123211299685
"P450v10",-0.0660339960641907,-0.0352614901080512,-0.0705191053618715,0.114897626145822,-0.0436301658772934,-0.00687098666064011,0.151183836527557,0.0674369525645279,-0.0797335927069319,-0.0594689797378845,0.0150497645791799
"P452v1",-0.0716755245482066,-0.0326017507629635,-0.0578830233642013,0.0206983929265749,-0.0332226021972523,0.00152032614065867,0.0901130774467877,0.0508024209222172,-0.0635766177192283,0.0716951302086981,0.00104988592407535
"P452v2",-0.0383046348381468,-0.039350357162419,-0.0429169450450577,0.0143446093791822,-0.0378638186477241,-0.00524767402242059,0.103427778084682,0.0747796088181067,-0.0527069712849202,0.0380406058290967,-0.0259712764082827
"P452v3",-0.0499999053051146,-0.0411009793432959,-0.0435548877825671,0.00484184830328298,-0.0510365691124128,0.00903927542666806,0.0566236617848523,0.02395765671162,-0.0282188674360119,0.0512037158975916,-0.00969090838596053
"P452v4",-0.0216082646046107,-0.0320744554767301,-0.0205902879569041,0.00882555450177002,-0.0374179850267755,0.00388669474657495,0.0744170182335762,0.00902920305897742,-0.0483494482587882,0.0502414534138126,-0.029406727437351
"P452v5",-0.0296555912052039,-0.032929983027555,-0.0310736968297996,4.05547246088822e-05,-0.0326173948437278,0.0023092353017327,0.0412396239821021,0.00959375252181907,-0.066984234803778,0.0453551819045385,-0.0187980854651432
"P452v6",-0.0106839093606588,-0.0281998218292123,-0.0439273359946794,0.050467260417153,-0.0298109635480495,-0.00190894576356451,0.0283119823380658,0.0231628422823096,-0.0590564736565934,0.0104993893802791,-0.0294107357180022
"P452v7",-0.0200288787252723,-0.029737531799933,-6.50109468551913e-05,0.00981391487440514,0.000361769263138404,-0.00448345108563034,0.0136033949262156,0.0134048109461138,-0.0490849617484366,0.0319813672802009,-0.0188853815956894
"P452v8",-0.021071934561919,-0.0276079807118533,0.0178017984074929,-0.021432827302202,-0.006590730043867,-5.45346822482197e-05,-0.0124361114452045,0.00285586592586935,-0.0170084048893745,0.0474093434852292,0.0044813900751156
"P452v9",-0.0118881663228589,-0.0303006796205141,-0.0233515047579067,0.00910975283297608,0.0129812627458867,0.000831741450448346,0.0250575753921769,0.00853818097924549,-0.0442451042857256,0.039470911951664,-0.0263113441406402
"P452v10",-0.0497547767605956,-0.0273238208059692,-0.0212041137007844,0.00608983509816285,0.0142598558581696,-0.0061263267890575,0.0038968224444804,0.0473057095958694,-0.0565761973638143,0.0581380272517657,-0.0218122513247163
"P453v1",0.00744002560975084,0.112539915011297,-0.0155338124217943,0.0925788836262097,0.0682060747344246,-0.00784243390024721,-0.0483080110016004,0.010666168842422,0.00495839691628693,-0.0208907733309683,-0.0220862654513181
"P453v2",0.0278099072147873,0.0950820311534366,0.00256315541528863,0.0490126430069369,0.111011012018688,-0.00530766294266816,-0.0427483670427818,-0.00707458083449495,0.0463895143258504,-0.0127869525475847,-0.0193505284274897
"P453v3",0.0597592997382433,0.00588744829770646,-0.0272769295548254,0.202062155593508,0.131058553226252,-0.00580511704721385,-0.0540633814323617,0.0584397419487774,0.00364656739573964,-0.0459657729382729,-0.0154317433442539
"P453v4",-0.0111238015434515,0.116178918665083,-0.00633736248249847,-0.0245416546380796,-0.000147489681851625,-0.00683251432949278,-0.0335872328827088,-0.026052712044521,0.0520664869689095,-0.0233905059461602,0.0217993371107044
"P453v5",0.00468887615223741,-0.0232009924573768,-0.00167153289414929,0.0147521477232844,0.00518197161484417,-0.00719422598509183,0.0124534720935764,-0.00285821337858084,0.0882938111423797,-0.0386442112084935,0.0545586921208408
"P453v6",0.0718547514414508,-0.000619258791758527,0.0472028327757439,-0.0306349407190481,-0.00756154389796638,-0.00372009668886742,-0.0143223062013684,-0.0294265608007876,0.171105376039668,-0.00968324069883546,0.0106711802806134
"P453v7",0.108555776174796,-0.0257800778438463,0.024132635367211,-0.0264947313491145,-0.0206260507116279,-0.00444447088540012,-0.010249062606006,-0.0233209445680159,0.174500148943825,-0.0192283689844778,0.00830402150143225
"P453v8",0.132202911129126,0.0193288624562936,0.0319892779937561,-0.0442451849101742,-0.0196767412532086,-0.00449471095963474,-0.0327770741669098,-0.0369575494961487,0.169984022780532,-0.00551875790238343,-0.0117209164921113
"P453v9",0.0254369108981203,-0.00164827222037496,0.0283147991561685,-0.0112224622747733,-0.0115456137764588,-0.00931281885541269,0.0110416715268,-0.0134837227558382,0.174543609020402,-0.0157074623678523,0.0412839975849486
"P453v10",0.0267318930152208,-0.0271032326399247,-0.0269554419264965,0.00397372721081433,-0.0603090524277755,-0.00850493636695147,0.0304822421751438,0.00936875377234964,0.0492809415341851,-0.0345789468480989,0.0205326140237755
"P454v1",-0.0413855939887243,-0.0449136004570789,-0.0420755207890854,-0.0585882059388414,-0.0243406408718002,-0.00887487881249967,-0.0185266581956153,-0.0042391120559033,-0.0609672001072401,-0.0007316087878205,-0.0194190958913236
"P454v2",-0.0676520638184959,-0.0473771746116993,-0.0450902913076324,-0.062149224680291,-0.0654559960262913,-0.00844690578015046,-0.086424641087424,-0.0033009199732983,-0.04633677677125,-0.0194710218433962,0.0198429729620701
"P454v3",-0.0633017876080107,-0.0472866366230303,-0.00744851401310961,-0.0588498529191072,-0.0371119425583598,-0.00903558142057427,-0.0388026006953891,-0.002568954514558,-0.0639667589339373,0.00119599134640022,-0.016611708597539
"P454v4",-0.0659343384977814,-0.0476937985872222,0.0370920184153262,-0.0689114110179876,-0.049833409633679,-0.00553193810309322,-0.0435910039952044,-0.0201464162483892,-0.0219838894435187,0.0451799450338632,-0.00203169739749683
"P454v5",-0.0622754492555838,-0.0460100057421331,-0.00961544887485675,-0.0697054244957881,0.030710860217708,-0.00558507704044205,-0.0440674391878961,-0.0327467171717396,0.0042934759540247,0.0519041774919434,0.049786023297931
"P454v6",-0.0607322348084351,-0.0471886471681157,-0.0167118995027333,-0.0598654068185737,-0.0415125660639333,-0.00673443448808678,-0.0302455230723362,-0.0019785382643655,-0.0611274345440196,0.00756572759344433,-0.019759712789013
"P454v7",-0.0536288957589393,-0.0459898330745377,-0.0541069956305161,-0.0547484638067825,-0.0490886717174635,-0.00953723222200825,-0.0411969657407015,0.000736789429380803,-0.0685953621603199,-0.0139429242466407,-0.0123887378919631
"P454v8",-0.017044789017285,0.0352378243389579,-0.0010253698023249,0.0701931027158507,0.116395470831173,-0.00594947359279445,-0.077093190741304,0.0044522894493297,-0.0410418414544799,-0.0153899009038832,-0.0194679786328583
"P454v9",-0.0506549902693672,-0.0153753083452273,-0.0255479774453047,-0.010973425187445,0.0796663269693543,-0.00852662378666462,-0.0669182738628309,-0.00575232900507995,-0.0657551395686875,-0.0212745783486049,-0.0165516010115204
"P454v10",-0.0509454256682767,-0.0458844177044274,-0.0366272471133324,-0.0600986105423643,-0.0279784132167707,-0.0085759788318525,-0.00984896268537338,-0.0030715207914842,-0.05865058645954,0.00683827326591017,-0.0170226284438924
"P455v1",0.0113449008163917,0.0134788078250274,-0.0289881261855647,0.0850166459686926,0.0374650313783821,-0.00686425252288188,-0.0936531711586191,0.0160723187636595,-0.0458463802820082,-0.0386697769389817,-0.00802932293127302
"P455v2",-0.0281588757665978,0.211409272017275,0.0286025958057615,-0.0426285969688235,0.0584154409592635,-0.00798499860303345,-0.0260368538198436,-0.03623045846031,0.0338298932985012,0.0331351941198243,-0.0122096574482234
"P455v3",-0.0581475315770868,-0.0203798094388536,0.11563123171071,-0.0332596809391354,0.00814859530835327,-0.00623678446516667,-0.0306603340241713,-0.0213271855018724,-0.0249235065409724,0.0891125579277234,-0.00417043050875355
"P455v4",-0.0632109339005942,-0.0326989704142669,0.106423701843917,-0.0214137791170351,-0.0241779050420346,-0.00149109296020212,-0.0252977069255685,-0.016307131458473,-0.0205716146862414,0.0930602129404774,-0.0132289887386451
"P455v5",-0.060587551282822,-0.0391930091304526,0.0961272660072004,-0.0433954429256544,-0.0313733013788444,-0.00455262381920262,-0.0385159670239495,-0.0230251107584425,-0.0280964728184778,0.10639985046843,-0.0151426338087295
"P455v6",-0.0741233591349538,-0.0364910104934098,0.173368214597229,-0.0654521869654081,-0.0250777193369448,0.0178750160200273,-0.0500454152521228,-0.0253204845085749,0.0134739019533949,0.109248100813694,0.0367172755007948
"P455v7",-0.0583659980158104,-0.0402644604542208,0.0571856172016805,-0.028238298498176,-0.0482693215103441,-0.000749303266958369,-0.00846026946369924,-0.0040933090461338,-0.0257649042687734,0.0774930567096607,-0.0243640498561212
"P455v8",-0.053994117864057,-0.0282034061449101,0.0347660637472839,-0.015154144153682,-0.00179217060445788,-0.000312119297298266,-0.0290451196999107,-0.00635987784577899,-0.0563498250277596,0.0560083537249716,-0.0163732887755015
"P455v9",-0.0671778162090357,-0.0332210247123283,0.126212240748517,-0.0505743302568644,-0.0280161492833012,-1.68326298411893e-05,-0.0450440180141561,-0.0253315385523213,-0.0122253160020441,0.101470886874821,-0.0023837752961641
"P455v10",0.0200452590074215,-0.004785034756872,-0.038297801357413,0.13620252607871,0.0582577931974584,-0.00207106979142559,-0.053722646028021,0.0371235016832386,-0.0619966101987568,-0.0335218503064921,-0.029239372655298
"P457v2",-0.0695273426478365,0.0414196364867259,0.191981999984067,-0.0718171179598012,-0.0629142132567148,-0.0033250820399719,-0.0708926400951692,-0.0509830672561127,0.0866198293602358,0.135137990042225,0.000537810099358001
"P457v3",-0.0209134556960458,0.333703654395536,0.0343936841971423,-0.0518374440544724,-0.0329743405161382,-0.00649949618440087,-0.0475204278309956,-0.039650243353002,0.0614188517977465,0.0466459990788745,-0.0188784298821528
"P457v6",-0.0462723397681894,0.22015322895054,0.140996894762679,-0.0548300062041418,0.00930190017203875,-0.00665515422308808,-0.0719282899145898,-0.0487149501603313,0.0810843674788336,0.0562380687425696,-0.00953274996333883
"P457v8",-0.0486790079959963,-0.0421750786450566,0.030298779627894,-0.0508839710648438,-0.0466819446906461,-0.00261746963165879,-0.0580343522702246,-0.0291113112996806,-0.0235798237208268,0.0513727228913431,-0.0173922022685474
"P457v9",-0.0640848261595721,-0.0400071933561802,0.000934122677885404,-0.0722109201929875,-0.0871748107268474,-0.000126380896796918,-0.108917614350112,-0.0409101722584301,0.0166027849786504,0.0455512788468683,0.0692175801109352
"P457v10",-0.0621937791442212,-0.0458202372166731,0.0662263807289269,-0.066800642765021,-0.0686827624567155,0.00204190604379325,-0.0533448180890476,-0.0279311210125259,0.0382689287482775,0.0882321202915406,0.000142981086841676
"P475v1",-0.0691649984421046,-0.0372164627698496,-0.0411834998982458,0.134195695589376,-0.0745482046619371,0.0564244009888735,0.0614797451333805,0.0950976187720528,-0.06823140072495,0.0197152680185738,-0.031935179378828
"P475v2",-0.0906818919247547,-0.0359141051750241,-0.0590813363925022,0.0913197817321975,-0.0650463312016335,0.0228497382299807,0.0946035974542135,0.159642625374256,-0.0702286628514772,-0.0169109050061453,0.0214577951015782
"P475v3",-0.0704766720596931,-0.0393210756569514,-0.0474920932443472,0.0540566707609863,-0.0797380959848492,0.485034325985036,0.0648399083508867,0.078924671614351,-0.0631549275395786,0.00829052909706013,-0.0132077532389059
"P475v5",-0.053094398499809,-0.0419075001039342,0.0116121067075693,-0.047871776925193,-0.0136356856274832,0.865290010141415,-0.015437445046764,-0.0124888029436208,-0.0258546460499267,0.0712454471010678,-0.000438007969615151
"P475v6",-0.076696045736757,0.0347264056181511,0.141913923995488,0.0166503982302098,0.0325038294492397,0.00734702707538826,-0.0256341239103969,0.0241665261471974,-0.00979085435079628,0.150767927717668,0.138693809209515
"P475v7",-0.0443305915655753,0.220867233044759,0.166411814057984,-0.0624830076059119,0.0299746179478464,-0.00589297436472675,-0.0424220324260155,-0.0496686457896486,0.101754428122204,0.0934708940786767,-0.00660997100475605
"P475v8",-0.0685837629363801,0.127193130241876,0.244665124741009,-0.071083455070544,-0.00577173866927469,-0.00236812058579256,-0.056512223099968,-0.0542973059371158,0.112240416405268,0.130958268404938,0.0203742201696402
"P481v1",-0.0199235525303967,0.111354689672617,-0.0169256030181267,0.0945311990764021,0.0636678972909196,-0.00388225946285429,-0.075072250667125,0.0145684385097819,-0.00667509345050989,-0.0177484544731285,-0.0216389583697854
"P481v2",-0.0446234043677839,-0.0224479299758199,0.056327457673132,-0.0530841856558221,-0.0110026146142431,-0.00452950329583734,-0.0711102590366174,-0.0430765069434154,0.00800551453194137,0.0434327060980002,-0.0200760310217776
"P481v3",-0.0437088641395062,0.142344240585235,0.0722558790986632,-0.0432814311342591,0.0975035148330239,0.00050434541420639,-0.0559304106395988,-0.0434991096944687,0.0257986861661391,0.0583176443224052,-0.0182322471185218
"P481v4",-0.0510492311729903,-0.0353834813113227,0.0246648802286711,-0.0689502832707619,-0.0757295659605217,-0.00334871675433566,-0.0897964447911698,-0.0401122596512518,0.0431211484441311,0.0322169417010696,-0.00301791742030224
"P481v5",-0.0521402017517841,-0.0142615361476369,0.0571771338134897,-0.0571701315855176,-0.0201334638528537,-0.00550635804059028,-0.088855256105082,-0.0461418111528418,0.040833886742411,0.0275214106356278,-0.00426322075619893
"P481v6",-0.0511214725925763,0.171769058721151,0.0996387985030997,-0.067330324282943,-0.0226134948417389,-0.00894422033521414,-0.0719231911328893,-0.0529405135797893,0.053236635812494,0.0722792629804111,-0.0112622711368446
"P481v7",-0.0562217247135161,0.283173931869455,0.0699348117265882,-0.0643108368771872,0.0698609198797189,-0.0041057172266991,-0.0802949094699234,-0.0503007364415862,0.0507891199529331,0.0654639082321384,-0.0104565153836327
"P481v8",-0.0519656379197125,-0.0422403700505989,-0.00364052140430764,-0.0703215641768808,-0.083385218718453,-0.00513767134273166,-0.0647065754650227,-0.0308787245154623,0.0816097742643161,0.0819371828934849,0.006246029035038
"P481v10",-0.0540093806208183,0.199685086298473,0.0920667776076984,-0.0668726220029301,-0.0721301498544861,-0.00476631581245701,-0.0830088076708815,-0.0519030328746532,0.0210904136754227,0.0872306074316729,-0.0116994360079627
"P482v1",-0.0130017237160047,0.0543906339827195,0.0010422879016505,-0.0205426475633874,0.315985490681019,-0.00518926214371064,-0.00551904633525608,-0.0297290983125781,0.0230699481394887,-0.022075087330691,0.00808021092279023
"P482v2",0.0557572338133992,-0.0308884083381896,-0.0357721915124963,0.00680064160680143,-0.012551856809678,-0.00915407652808404,0.0811703189888258,-0.00322014482336575,0.0591403203781558,-0.0479381946973198,0.00809990028903465
"P482v3",0.0452036184969753,-0.0180224241155483,0.0111040869014183,-0.0218713216067214,0.112663635095038,-0.00594261729142983,0.0633471270060963,-0.0146540861536562,0.0805903377152256,-0.0253731016693522,-0.0177665746977557
"P482v4",0.0849793962679313,-0.0273044407706105,-0.00610803281006565,-0.00970096630911762,0.0449204967319515,-0.00850064185776576,0.0879384028635231,-0.0064990305562809,0.118420122292156,-0.0338178595509675,-0.0108195002512491
"P482v5",0.0583158815629908,-0.030005262927471,0.0105325740992589,-0.00682876792928091,0.0336276722528327,-0.00738164627142335,0.0838925342857924,-0.00844712462320892,0.146808324518165,-0.0289864154568598,0.000862607780752049
"P482v6",-0.00954840579129541,0.0639073952802389,-0.00557499040942777,-0.0295845021649816,0.123241792322709,-0.00571655099602776,0.0248946115192319,-0.0291097464092544,0.032644344460957,-0.0115342587832274,-0.0153398379364415
"P482v7",0.0918700232546647,-0.0207335551662797,-0.0236332721377257,-0.00402632351853557,0.0449139951841121,-0.00689958545697341,0.131207963355804,-8.22122384449495e-05,0.0729440747682753,-0.0368974308002169,-0.0169597265055515
"P482v8",0.0730520063944904,-0.00480150441739707,-0.0089769584241477,-0.0171324317634191,0.00378127797553167,-0.00709832785500532,0.0425978537259983,-0.0124723194797251,0.117881957095372,-0.0290047631726167,-0.0105931724079278
"P482v9",0.0026885897885476,0.0362588085119719,-0.0139934482391008,-0.0311125697292694,0.113790776665253,-0.00751429035163122,0.0501283208251289,-0.0188419939471553,0.0251392402282216,-0.0173979572764073,-0.0130546306676726
"P482v10",0.0441922336073132,0.00855170628863996,-0.0290648970109599,-0.0191657534429638,-0.00357424106918438,-0.00768515667951084,0.0485716758597379,-0.01016569419303,0.0614627875075932,-0.0376968938366002,-0.00128371564278995
"P485v1",0.00413225993500109,0.0756882687596076,-0.0475043378950313,0.210761486242418,0.0307578140818321,-0.00456863910123647,-0.0256132689308164,0.0756799355811557,-0.0377534499290451,-0.0322583029265978,-0.0365068844887216
"P485v2",-0.0155044478754723,0.194865171036463,0.0441171354583613,-0.0560096492315946,0.0136830213692406,-0.00842518306181238,-0.0376154265824052,-0.0405923903592162,0.0360095585344792,0.0334569603441909,-0.0144927439978295
"P485v3",-0.00413352916117771,0.0708316942166037,-0.0435008582032475,0.190628924508094,0.0143605082002452,-0.00567823322863222,-0.0281900744626562,0.0672812862772666,-0.0326637923427273,-0.0322587708705951,-0.0354420320966959
"P485v4",-0.01521983170065,-0.0443174757024748,0.056411101046234,-0.0649177793397264,0.00990722563265384,-0.0043332374866226,-0.0157691818820955,-0.0267978062152344,0.000514670674405913,0.0166863662048021,0.0142817381513063
"P485v5",-0.0418324964744109,-0.0459809016672295,-0.018531304400529,-0.0552793325482265,-0.0305785330049347,-0.00897851348678353,-0.0031279831031687,0.0069815387110332,-0.0492149104085298,0.0118875871756492,-0.0209803215402331
"P485v6",-0.0345305119483354,-0.0389005435342227,0.142538782759642,-0.0672025230001073,-0.0066145350948966,0.00743740505133102,-0.0261685929330835,-0.0371893079102852,0.0500748470774388,0.0705569902105265,0.0139273735999649
"P485v7",-0.0174034578985126,-0.04445017822761,0.0512562017515304,-0.067379931060617,0.00150405845347915,-0.00589988318544549,-0.0368049037582511,-0.0287009797724948,0.00769659920590527,0.00607251124521043,0.0194510260887191
"P485v8",-0.0114718630109092,0.0890617335428985,-0.0355211174233666,0.123309323398546,0.026773851173984,-0.00838596450273679,-0.0471351569610955,0.0345157676386958,-0.0364142309899419,-0.0252893670593331,-0.0269708784612316
"P485v9",-0.0295338760246893,-0.0465166798295739,0.0322387053937071,-0.0692663126593194,-0.0272120004367523,-0.00376670933779385,-0.00265850133763819,-0.0231428948605497,-0.012213224717731,0.0448358873296196,0.00256428428302276
"P490v1",0.0629207321210647,-0.0283145684438483,-0.0441040702590213,0.0427578588582576,0.0775660331690512,-0.00617828616699653,0.144587705295326,0.0173595763975205,-0.0572708706489391,-0.0420669460896335,-0.0362873579205394
"P490v2",0.123956342672486,0.0105199591076742,0.0329961177789269,-0.046731337329152,0.0280719169061605,-0.00771833893714816,-0.0274319701073611,-0.0346268832433995,0.0327626037481891,-0.00727955153486115,-0.0112014446907913
"P490v3",0.048856383743588,0.0938780651977683,-0.00656437504069068,0.00798852621054264,0.0491444154508395,-0.00601928288107665,-0.0214294340063051,-0.0225140413146859,0.0192759683007805,-0.0156332127834103,-0.0280327623123669
"P490v4",0.058577547333736,-0.0280332351593333,-0.0506471673237952,0.0535534818178414,0.0978557496019079,-0.00842841049084194,0.0879886682011166,0.0123404518844199,-0.0670465412595242,-0.047848303720727,-0.0231660779115228
"P490v5",0.0234379357284744,0.0261366814231282,-0.0377960830700118,0.0401506763623213,0.0285288060885308,-0.00614191427151532,0.0107220700734402,-0.0036540117281706,-0.0429115511484801,-0.0381470047609296,-0.0298191690703909
"P490v6",0.0831510166496321,-0.0157742837558012,-0.0474479831252774,0.0110897880192435,0.06114755245975,-0.00876668614624342,0.10179552655356,-0.0021964634091774,-0.0566957677239013,-0.0449588491793638,-0.0313672729270685
"P490v7",0.0298240909658005,-0.0324233589001607,-0.0601790468419647,0.0839866838202226,0.0618743819516127,-0.0100759819500686,0.169374977194382,0.0297858584624151,-0.0842323953110379,-0.0466326250885132,-0.0249555925872741
"P490v8",0.0948634000805012,0.0146316496964078,-0.0203036822545019,-0.00601637624585534,0.0695057540976433,-0.00809059582345226,0.0824561632295568,-0.0142724806777168,-0.00927502872457067,-0.0317048794613493,-0.0289020129393142
"P490v9",0.0628571208828364,0.0126543789043914,-0.006227810929026,-0.0197696491307947,0.0206342187235149,-0.00944034177624161,0.0181721542571556,-0.0261301565042405,-0.0293107713977316,-0.0193722635633704,-0.01567745645985
"P490v10",0.0147907882670149,-0.00308749584379569,-0.01651975368443,0.0171316176268538,0.100306680083752,-0.00627705619715735,0.0436989123603051,-0.0126584966519268,-0.0401665664932569,-0.0288508298407647,-0.0186073545825856
"P498v1",-0.0307422294649256,0.0459942333479099,-0.00378575532051293,-0.0050483722563431,0.109506484275835,-0.0067966959946462,-0.0478683906067676,-0.0251063472016167,-0.0265766918038106,-0.00345790112260786,-0.0252785238372552
"P498v2",-0.0561418404929014,-0.0457284010494904,-0.0463880485266681,-0.0615698584707325,-0.0766786142142019,-0.00563951768724419,-0.0290025589704801,-0.0137943865013025,-0.0251451448336752,0.0391404372658702,-0.0139404626642064
"P498v3",-0.0514488322159791,-0.0409128483257283,-0.0309244670021559,-0.0505808928720864,-0.0794414793905708,-0.00767097044917158,-0.0139829460390782,0.0113200644374961,-0.0563705874141927,0.0139833423980192,-0.0313638794863319
"P498v4",-0.0554471361348653,-0.0444479537270714,-0.024374134669241,-0.0501572201300835,-0.0806638148826299,-0.00678564141990115,-0.0132745409144023,0.00306870855512995,-0.0636152897287773,0.0223344029396958,-0.027723458332603
"P498v5",-0.0476473941739516,-0.0461657189682385,-0.0406517212057623,-0.0368082181542114,-0.0696759742365,-0.00728099656051577,0.0557529071608154,0.0401397622060093,-0.0765896184195276,0.0271009628379345,-0.0377980967588905
"P498v7",-0.0572768933393743,-0.0420774262739885,-0.032257919774482,-0.0527047356725402,-0.0794375831758491,-0.00817158999636668,-0.056359861196771,-0.0039573683165156,-0.0231355318559881,0.0172536407080811,-0.0140340188193975
"P498v8",-0.0587768028131101,-0.0479420668896474,-0.00983915025677627,-0.0675902609584964,-0.0792940309127465,-0.0100759819500686,-0.0286764157878293,-0.0118634043046497,-0.0690059728000233,0.0513823314805546,-0.0173743915314453
"P498v9",-0.0519021558321474,-0.0468076324176687,-0.0417995359240519,-0.0517979885976596,-0.0825043491152955,-0.00594384368210696,-0.0194197290805809,0.00465865389303825,-0.0549032602988397,0.0256635569787792,-0.0227245018883557
"P498v10",-0.0474896887850703,-0.0448637943665334,-0.0489420034526878,-0.0511731928164589,-0.0894477931890417,0.0034053355067678,-0.0072592264321176,-0.006825626074463,-0.0477516121783211,0.0235932192602203,-0.0153652436616482
"P499v1",-0.0575399022335688,-0.0459306717734576,0.0185696978253526,-0.0732055582490664,-0.10671043793919,0.00165327865866712,-0.10048763218252,-0.0295049994220332,0.130259904985624,0.0461844247813309,0.290182431373266
"P499v2",-0.0775114352514505,-0.0488349972618424,-0.0302398337632618,-0.0616148442919162,-0.0814404676128701,-0.00915763489185881,-0.0191829748309768,0.0451515673390301,-0.0583329828723629,0.00999496388932347,0.00837101642321435
"P499v3",-0.0480413307163174,-0.0421893384013273,0.0567493189189709,-0.0523281302447663,-0.0758325646339447,-0.00177216041359452,-0.0586222076078459,-0.0198835764398147,-0.0188581295860686,0.00557457154805219,0.0259212895850835
"P499v5",-0.0726890877830441,-0.0445966328451913,0.240509720713447,-0.0744937359011818,-0.0760083616040169,0.0111857757798661,-0.108214720574772,-0.0277683236122596,0.0986602540266619,0.250938000804112,0.605458305367649
"P499v7",-0.0819585600531959,-0.0405947674155953,0.0292735467063405,-0.0574220651455443,-0.0521463238455043,0.00201799511218543,-0.0511226882995332,0.0175602581719434,-0.0431251288162603,0.00634416277117693,0.0434932507171667
"P499v8",-0.0515785761568309,-0.0386501940585184,0.211459912551892,-0.0582584223661715,0.0042477818718745,0.0139110723526311,-0.0658607171112032,-0.0354389018060813,0.0320339749701472,0.0333696531524344,0.100504174430841
"P500v1",-0.0419830643609201,-0.0440058761397988,-0.0452687907075836,-0.0602184596844707,-0.0688460433825248,-0.00853142548557377,0.0388391370004603,-0.00565867897790385,-0.0643900876455842,-0.0207945822405094,-0.0077728910317929
"P500v2",-0.0481643005701492,-0.0437109908304031,-0.000851467192504837,-0.0602671675323309,-0.0633148737771606,-0.00732218246318524,-0.00736890478761901,-0.0165768521819564,-0.0365394248110644,0.000201811647151343,-0.000132131858903751
"P500v4",-0.0459842659333466,-0.0428118548612274,0.00656831273903995,-0.0585924467812652,-0.051022068635714,-0.00884292502078813,-0.0250725986910769,-0.0147312528792008,-0.0305977262498688,-0.00882001458549211,0.0051071006375872
"P500v5",-0.0637847578437215,-0.0415069809567082,-0.0131307799752517,-0.0603500953716966,-0.0585240893543205,-0.0037631131628924,-0.0742983975271342,-0.0078046465606011,-0.0572358068375519,-0.0180833037874014,0.0483304468827076
"P500v6",-0.0505679916581865,-0.0304303628351502,0.0138211875591712,-0.0598830844473939,-0.0463146979556735,-0.00390749720429324,-0.047026601841669,-0.0146624923270585,-0.0379055859470468,0.00516941983731581,5.18881188486002e-05
"P500v7",-0.0505116684059774,-0.0426913834986011,-0.0354937521088454,-0.0551208867305197,-0.0631568494886057,-0.00330288146695267,-0.0325128178594066,-0.00408345973489275,-0.0618412860448199,-0.0300415574084318,-0.0030809074664285
"P500v8",-0.0498465175248268,-0.00349275898451739,-0.00957026291937983,-0.0482128984286058,-0.0404139426001701,-0.00910716509865933,-0.0738402193345391,-0.0252096152010168,-0.0615706307850984,-0.0256652613178151,0.0074569632622079
"P501v1",-0.0401547277670426,0.0931618989580624,0.0451986639079784,0.0127333381284937,0.139869938076076,-0.00867228933821447,-0.106234250481887,-0.0223940437996719,0.0257372557254348,-0.0135468387784476,0.0164587101893362
"P501v2",-0.0820910326514278,-0.0435846678879212,0.0554958032166211,-0.0788887389361219,-0.0761426509488287,-0.00505518789608385,-0.0802357955542411,-0.0394569955572049,0.0527434411668112,0.0818363867693666,0.0522044709091803
"P501v3",-0.0568243838879789,-0.0412262336606272,0.161632240855994,-0.0764591950582133,-0.0498826593543793,-0.00741372816274708,-0.0921500293128329,-0.0501865317422805,0.0126163589340215,0.0488562170435749,0.0412360137123652
"P501v4",-0.0919969140999979,-0.0430369115859938,0.274680920606812,-0.0804838486382537,-0.0419318466569193,-0.00516272719513221,-0.0944896396687883,-0.0240325687779253,0.0878022186030753,0.210114362118604,0.264077322061539
"P501v5",-0.0367385838939132,-0.0228608030031218,0.111005016427981,-0.0734035484238871,-0.0142449287058909,-0.00580659294340735,-0.0870418947450387,-0.04831459922538,-0.0177391594130244,0.0299675426885514,0.024037839173665
"P501v6",-0.0635041258618713,-0.0371877287911205,0.153992792257297,-0.0773587313748945,-0.0569147973104703,-0.00390672419969254,-0.101800563011848,-0.0449004208342658,0.0378656965374696,0.0573328627902881,0.0598715025047886
"P501v7",-0.0432350474552947,-0.0313560421562941,0.106725135170022,-0.0733727129879606,-0.0038691002417384,-0.00480442401510381,-0.0935577980370902,-0.0496523338693965,-0.0143855626317274,0.02591686517428,0.0319563223050671
"P501v8",-0.0111235166841524,0.0356277884874674,0.0681033663917398,-0.0671676211438395,0.0905983753019697,-0.0061907661603147,-0.095459329090522,-0.0547041357829851,0.0231006697345373,0.0059028648928398,0.0462659764788822
"P501v9",-0.0257002557121516,0.0239628603565344,0.0570798561785553,-0.0686550108316335,0.0869636396491354,-0.00287014534220041,-0.0904059894864946,-0.0491729790359325,-0.0159154558204867,0.00663484156932127,0.00979899781618051
"P501v10",-0.0483918276715661,-0.0322250720421283,0.115241336508643,-0.074159742260108,-0.0245388268376757,-0.00670732332578584,-0.0978857598066497,-0.0502932821574076,-0.0221922675068922,0.0331123430686538,0.0336660815723891
"P503v1",-0.00234306250522619,0.0964023531177931,-0.0487014554500358,0.111352866488779,0.0278936596052985,-0.00286287701377714,-0.0507553159066809,0.0237717726076,-0.0296341357946052,-0.0317308104232109,-0.0367809454666144
"P503v2",0.0150378466268421,0.281852399537575,0.00589851646842411,-0.0561614239546935,0.0504884568113644,0.00101632122933037,-0.057527337045697,-0.0463828091940791,0.0809136947087738,0.0178953957750174,-0.0141056310321472
"P503v3",-0.0570565871276382,0.0154931335183914,-0.00999489356466101,-0.0116519704990234,0.0158265968258909,-0.00519961727192352,-0.0221234512033162,-0.0115862274184385,-0.0451805117802788,0.0339531535268433,-0.0352548943955257
"P503v4",-0.0629910728636534,-0.0248880416140833,-0.0258281569264607,-0.0317844113836006,-0.0592700508403821,-0.00841288065414954,-0.0556781888433726,-0.0205975058940275,0.0390794522861438,0.0789049265367292,-0.0196219289622718
"P503v5",-0.0717394256744832,0.00958387550192013,0.0411236704430701,-0.0343394706783045,-0.0574272997593997,-0.00717785490359924,-0.0133235029951075,-0.0242094407050073,-0.00652567191740981,0.100007037053102,-0.0288725138457498
"P503v6",-0.0501296182052196,-0.0396388551803727,-0.00304181620369938,-0.0212867348045027,-0.0590255186230703,0.00903836400035372,-0.0148390935258269,-0.00423222678057105,-0.0359332407959749,0.0652538100774533,-0.0310848603723544
"P503v7",-0.0488520975462738,-0.0266029809821174,-0.00105409436351623,-0.0519257068630586,-0.0777030303378653,-0.00628193483528806,-0.0280088557710021,-0.0323538183742617,0.0655053330150379,0.0929556944415857,-0.0241582480427222
"P503v8",-0.0476586664173033,-0.0425793646501988,-0.0255299089247185,0.00958837351080352,-0.0883775884894432,0.00124246528476124,0.00710360926287207,-0.0035034794920228,-0.0481921588521951,0.0399599975573143,-0.0375333967460544
"P503v9",-0.0646955421481572,-0.0271667985437117,-0.0453516462213237,-0.0121523577579005,-0.0701993324083725,-0.0100759819500686,0.0648575716667581,0.0025608402876864,-0.0422835805076171,0.0879268103885022,-0.0354285092855881
"P503v10",-0.0646318419768118,-0.0379667888328349,0.0987969138293399,-0.0344429347616877,-0.0981662469925911,-0.0097741358958908,-0.04448743677666,-0.0305947570135769,0.0386662595429963,0.14281204738865,0.0428240084265252
"P507v1",-0.00192016425693898,0.087948245654332,-0.0404598265647124,0.129547231443706,0.0530101582491387,-0.00706265651801827,-0.0482432444444986,0.0365035551485715,-0.0369126267753317,-0.0274795851676111,-0.0246736810155175
"P507v2",0.0236994790393057,0.00256385109456125,-0.0527272079998796,0.144363721942017,0.0485054382671493,-0.00149487938222764,-0.0306248704211097,0.0413137796322429,-0.0556867932080092,-0.0508293777554322,-0.0213163171177092
"P507v3",-0.00464160098994451,0.0312746070704948,-0.0574214492079769,0.134057631591851,0.0126321523992076,-0.00845442346618613,-0.0151509382323793,0.0359673378872404,-0.0703970652031905,-0.0454387659110927,-0.0250297804742474
"P507v4",0.0218892316785823,0.0626564603397661,-0.0351222491601638,0.078895416028908,0.122417516962105,-0.00554654950153474,-0.0509531355979754,0.0116913639255089,-0.0343828607116425,-0.0286745897548984,-0.0166255849741258
"P507v6",-0.00192016425693898,0.087948245654332,-0.0404598265647124,0.129547231443706,0.0530101582491387,-0.00706265651801827,-0.0482432444444986,0.0365035551485715,-0.0369126267753317,-0.0274795851676111,-0.0246736810155175
"P507v7",0.0236994790393057,0.00256385109456125,-0.0527272079998796,0.144363721942017,0.0485054382671493,-0.00149487938222764,-0.0306248704211097,0.0413137796322429,-0.0556867932080092,-0.0508293777554322,-0.0213163171177092
"P507v8",-0.00464160098994451,0.0312746070704948,-0.0574214492079769,0.134057631591851,0.0126321523992076,-0.00845442346618613,-0.0151509382323793,0.0359673378872404,-0.0703970652031905,-0.0454387659110927,-0.0250297804742474
"P507v9",0.0218892316785823,0.0626564603397661,-0.0351222491601638,0.078895416028908,0.122417516962105,-0.00554654950153474,-0.0509531355979754,0.0116913639255089,-0.0343828607116425,-0.0286745897548984,-0.0166255849741258
"P507v10",-0.00209915787957542,0.0279772571327026,0.0095128184053859,0.0442779963705816,0.0555494713968799,-0.00672265387138826,-0.0458040058816428,-0.0068275988345181,-0.0331328482924284,-0.0228266220176573,0.002246355196363
"P507Cy",0.00354241696860205,0.0099551855125701,-0.0421545893732549,0.147229354372235,0.038295182391249,-0.00580610956731925,-0.0371897375603987,0.044319047457193,-0.0466733159955018,-0.0419372828859014,-0.00635565334973996
"P507G",0.00524442126966243,0.187522455184347,-0.00929297635640157,0.00661516605395481,0.0451616714683237,-0.00625390868347229,-0.0458690394725737,-0.0200462226240646,0.0123734065134972,-0.00124617859344137,-0.0116901295069322
"P507P",-0.0437615803911848,0.0608625122869281,0.0512410602228992,-0.0335592577664425,0.0740369621768607,-0.0100759819500686,-0.0269634705472237,-0.0339424782125462,0.0736612451510364,0.00837530644792627,0.0171039493434054
"P507Y",-0.0102880392158494,0.11123186717812,-0.0430041333612828,0.0716348688332842,0.0232287314504631,-0.0069069001284397,-0.0360949408192711,0.00731858101275715,-0.0270084509409472,-0.0248558452511386,-0.0132716357355173
"P508v1",0.161466585694462,-0.0321978796661382,-0.00898471712693346,-0.0226366377988112,-0.0561955619604645,-0.00744253460462365,-0.000708979952025755,-0.0141718491054725,0.125595115451259,-0.0230472315733008,-0.000863651477694865
"P508v2",0.0653558878096357,0.0589697382160074,-0.0199490050911116,-0.0227453960050155,-0.0378074008059526,-0.00857664176541791,-0.00491753532821817,-0.0208715095916762,0.0189527663208673,-0.026542469194046,0.0160629207444895
"P508v3",0.00357085145103526,0.0904870074225101,-0.014832194787814,0.099271312864259,0.0974574199474607,-0.00734490659124378,-0.0309140651681987,0.0209304478337192,-0.0272760973681253,-0.00611315725665637,-0.0155326520232827
"P508v4",0.0870052441230778,-0.0342946410775986,-0.0359047966531379,6.82837143780235e-05,-0.0602674723848344,-0.00945144574018273,0.0330227191262411,-0.00042888777355515,0.111532480102153,-0.0340339494953903,-0.00779868145296927
"P508v5",0.126340200695835,-0.0348851643782054,-0.00918773364978913,-0.0253697193647893,-0.0480260526760925,-0.00855575336093012,0.0257140134389935,-0.0111532569456659,0.125448770044921,-0.0186471444799874,-0.0154345366828368
"P508v6",0.0590205720360115,-0.0252852600507791,-0.0335454786980045,0.0040124146870848,-0.0640604182017945,-0.00524994335685325,0.0295461046607552,-0.0042728071842457,0.0505683870848962,-0.0294568924140134,-0.00594906133129494
"P508v7",0.072305246622174,-0.0289820440811414,-0.0248361707089224,0.00720562019725286,-0.0651280358254904,-0.0100759819500686,0.0528631940270997,-0.00049035532720185,0.086929762629433,-0.0319927551410174,-0.0022100351773434
"P508v8",0.00936792060932379,0.0188182644230426,-0.0492686227497388,0.173089379396131,0.0281619672529371,-0.00667354299434335,-0.0192045980887443,0.0590777082359073,-0.0476321574545588,-0.043281805554747,-0.0290322337059931
"P508v9",0.075075007476393,-0.0258711597417436,-0.0347338264341806,0.0193529710660364,-0.0631264449381399,-0.00756117271545315,0.0521536100933168,0.0035097921546108,0.0417735986188718,-0.0317160911788819,-0.0010171429821223
"P508Cy",0.118614930593346,-0.0294583311669685,-0.0102557944403037,-0.0169140579388892,-0.0179527004028001,-0.00860673994937249,0.0551988934270936,-0.00797766146027065,0.0896133715882075,-0.0264923438682936,-0.0185027546865505
"P508G",0.0823289245944645,-0.0362494440729573,-0.0261634687216314,-0.00693599051271836,-0.0548684174423858,-0.00922937107821507,0.0395597608490702,-0.0048416312721181,0.0714042719083439,-0.0315949924684598,-0.0131456122079026
"P508P",0.0459803395362042,-0.011688071856071,-0.0444933046051818,0.0558697536888972,-0.030582519947387,-0.0049425283340327,0.0151192084088911,0.0081413638001959,-0.00449996146058786,-0.0442360969996876,-0.0210592277355571
"P508Y",0.109775429945502,0.00115747059985089,-0.0359141775692109,-0.0138954407273748,-0.0490861203302815,-0.00581411146788105,-0.000905931300699573,-0.0164618688665106,0.0375242349173182,-0.036638158228141,-0.0218510872019144
